,Titulo,Precio,Imagen
0,It's Only the Himalayas,45.17,http://books.toscrape.com/catalogue/its-only-the-himalayas_981/index.html
1,Full Moon over Noah’s ...,49.43,http://books.toscrape.com/catalogue/full-moon-over-noahs-ark-an-odyssey-to-mount-ararat-and-beyond_811/index.html
2,See America: A Celebration ...,48.87,http://books.toscrape.com/catalogue/see-america-a-celebration-of-our-national-parks-treasured-sites_732/index.html
3,Vagabonding: An Uncommon Guide ...,36.94,http://books.toscrape.com/catalogue/vagabonding-an-uncommon-guide-to-the-art-of-long-term-world-travel_552/index.html
4,Under the Tuscan Sun,37.33,http://books.toscrape.com/catalogue/under-the-tuscan-sun_504/index.html
5,A Summer In Europe,44.34,http://books.toscrape.com/catalogue/a-summer-in-europe_458/index.html
6,The Great Railway Bazaar,30.54,http://books.toscrape.com/catalogue/the-great-railway-bazaar_446/index.html
7,A Year in Provence ...,56.88,http://books.toscrape.com/catalogue/a-year-in-provence-provence-1_421/index.html
8,The Road to Little ...,23.21,http://books.toscrape.com/catalogue/the-road-to-little-dribbling-adventures-of-an-american-in-britain-notes-from-a-small-island-2_277/index.html
9,Neither Here nor There: ...,38.95,http://books.toscrape.com/catalogue/neither-here-nor-there-travels-in-europe_198/index.html
10,"1,000 Places to See ...",26.08,http://books.toscrape.com/catalogue/1000-places-to-see-before-you-die_1/index.html
11,Tipping the Velvet,53.74,http://books.toscrape.com/catalogue/tipping-the-velvet_999/index.html
12,Forever and Forever: The ...,29.69,http://books.toscrape.com/catalogue/forever-and-forever-the-courtship-of-henry-longfellow-and-fanny-appleton_894/index.html
13,A Flight of Arrows ...,55.53,http://books.toscrape.com/catalogue/a-flight-of-arrows-the-pathfinders-2_876/index.html
14,The House by the ...,36.95,http://books.toscrape.com/catalogue/the-house-by-the-lake_846/index.html
15,Mrs. Houdini,30.25,http://books.toscrape.com/catalogue/mrs-houdini_821/index.html
16,The Marriage of Opposites,28.08,http://books.toscrape.com/catalogue/the-marriage-of-opposites_759/index.html
17,Glory over Everything: Beyond ...,45.84,http://books.toscrape.com/catalogue/glory-over-everything-beyond-the-kitchen-house_696/index.html
18,"Love, Lies and Spies",20.55,http://books.toscrape.com/catalogue/love-lies-and-spies_622/index.html
19,A Paris Apartment,39.01,http://books.toscrape.com/catalogue/a-paris-apartment_612/index.html
20,Lilac Girls,17.28,http://books.toscrape.com/catalogue/lilac-girls_597/index.html
21,The Constant Princess (The ...,16.62,http://books.toscrape.com/catalogue/the-constant-princess-the-tudor-court-1_493/index.html
22,The Invention of Wings,37.34,http://books.toscrape.com/catalogue/the-invention-of-wings_448/index.html
23,World Without End (The ...,32.97,http://books.toscrape.com/catalogue/world-without-end-the-pillars-of-the-earth-2_420/index.html
24,The Passion of Dolssa,28.32,http://books.toscrape.com/catalogue/the-passion-of-dolssa_351/index.html
25,Girl With a Pearl ...,26.77,http://books.toscrape.com/catalogue/girl-with-a-pearl-earring_322/index.html
26,Voyager (Outlander #3),21.07,http://books.toscrape.com/catalogue/voyager-outlander-3_299/index.html
27,The Red Tent,35.66,http://books.toscrape.com/catalogue/the-red-tent_273/index.html
28,The Last Painting of ...,55.55,http://books.toscrape.com/catalogue/the-last-painting-of-sara-de-vos_259/index.html
29,The Guernsey Literary and ...,49.53,http://books.toscrape.com/catalogue/the-guernsey-literary-and-potato-peel-pie-society_253/index.html
30,Girl in the Blue ...,46.83,http://books.toscrape.com/catalogue/girl-in-the-blue-coat_160/index.html
31,The Secret Garden,15.08,http://books.toscrape.com/catalogue/the-secret-garden_413/index.html
32,The Metamorphosis,28.58,http://books.toscrape.com/catalogue/the-metamorphosis_409/index.html
33,The Pilgrim's Progress,50.26,http://books.toscrape.com/catalogue/the-pilgrims-progress_353/index.html
34,The Hound of the ...,14.82,http://books.toscrape.com/catalogue/the-hound-of-the-baskervilles-sherlock-holmes-5_348/index.html
35,Little Women (Little Women ...,28.07,http://books.toscrape.com/catalogue/little-women-little-women-1_331/index.html
36,Gone with the Wind,32.49,http://books.toscrape.com/catalogue/gone-with-the-wind_324/index.html
37,Candide,58.63,http://books.toscrape.com/catalogue/candide_316/index.html
38,Animal Farm,57.22,http://books.toscrape.com/catalogue/animal-farm_313/index.html
39,Wuthering Heights,17.73,http://books.toscrape.com/catalogue/wuthering-heights_307/index.html
40,The Picture of Dorian ...,29.7,http://books.toscrape.com/catalogue/the-picture-of-dorian-gray_270/index.html
41,The Complete Stories and ...,26.78,http://books.toscrape.com/catalogue/the-complete-stories-and-poems-the-works-of-edgar-allan-poe-cameo-edition_238/index.html
42,Beowulf,38.35,http://books.toscrape.com/catalogue/beowulf_126/index.html
43,And Then There Were ...,35.01,http://books.toscrape.com/catalogue/and-then-there-were-none_119/index.html
44,The Story of Hong ...,43.19,http://books.toscrape.com/catalogue/the-story-of-hong-gildong_84/index.html
45,The Little Prince,45.42,http://books.toscrape.com/catalogue/the-little-prince_72/index.html
46,Sense and Sensibility,37.46,http://books.toscrape.com/catalogue/sense-and-sensibility_49/index.html
47,Of Mice and Men,47.11,http://books.toscrape.com/catalogue/of-mice-and-men_37/index.html
48,Emma,32.93,http://books.toscrape.com/catalogue/emma_17/index.html
49,Alice in Wonderland (Alice's ...,55.53,http://books.toscrape.com/catalogue/alice-in-wonderland-alices-adventures-in-wonderland-1_5/index.html
50,Sharp Objects,47.82,http://books.toscrape.com/catalogue/sharp-objects_997/index.html
51,"In a Dark, Dark ...",19.63,http://books.toscrape.com/catalogue/in-a-dark-dark-wood_963/index.html
52,The Past Never Ends,56.5,http://books.toscrape.com/catalogue/the-past-never-ends_942/index.html
53,A Murder in Time,16.64,http://books.toscrape.com/catalogue/a-murder-in-time_877/index.html
54,The Murder of Roger ...,44.1,http://books.toscrape.com/catalogue/the-murder-of-roger-ackroyd-hercule-poirot-4_852/index.html
55,The Last Mile (Amos ...,54.21,http://books.toscrape.com/catalogue/the-last-mile-amos-decker-2_754/index.html
56,That Darkness (Gardiner and ...,13.92,http://books.toscrape.com/catalogue/that-darkness-gardiner-and-renner-1_743/index.html
57,Tastes Like Fear (DI ...,10.69,http://books.toscrape.com/catalogue/tastes-like-fear-di-marnie-rome-3_742/index.html
58,A Time of Torment ...,48.35,http://books.toscrape.com/catalogue/a-time-of-torment-charlie-parker-14_657/index.html
59,A Study in Scarlet ...,16.73,http://books.toscrape.com/catalogue/a-study-in-scarlet-sherlock-holmes-1_656/index.html
60,Poisonous (Max Revere Novels ...,26.8,http://books.toscrape.com/catalogue/poisonous-max-revere-novels-3_627/index.html
61,Murder at the 42nd ...,54.36,http://books.toscrape.com/catalogue/murder-at-the-42nd-street-library-raymond-ambler-1_624/index.html
62,Most Wanted,35.28,http://books.toscrape.com/catalogue/most-wanted_623/index.html
63,Hide Away (Eve Duncan ...,11.84,http://books.toscrape.com/catalogue/hide-away-eve-duncan-20_620/index.html
64,Boar Island (Anna Pigeon ...,59.48,http://books.toscrape.com/catalogue/boar-island-anna-pigeon-19_613/index.html
65,The Widow,27.26,http://books.toscrape.com/catalogue/the-widow_609/index.html
66,Playing with Fire,13.71,http://books.toscrape.com/catalogue/playing-with-fire_602/index.html
67,What Happened on Beale ...,25.37,http://books.toscrape.com/catalogue/what-happened-on-beale-street-secrets-of-the-south-mysteries-2_506/index.html
68,The Bachelor Girl's Guide ...,52.3,http://books.toscrape.com/catalogue/the-bachelor-girls-guide-to-murder-herringford-and-watts-mysteries-1_491/index.html
69,Delivering the Truth (Quaker ...,20.89,http://books.toscrape.com/catalogue/delivering-the-truth-quaker-midwife-mystery-1_464/index.html
70,Scott Pilgrim's Precious Little ...,52.29,http://books.toscrape.com/catalogue/scott-pilgrims-precious-little-life-scott-pilgrim-1_987/index.html
71,Tsubasa: WoRLD CHRoNiCLE 2 ...,16.28,http://books.toscrape.com/catalogue/tsubasa-world-chronicle-2-tsubasa-world-chronicle-2_949/index.html
72,This One Summer,19.49,http://books.toscrape.com/catalogue/this-one-summer_947/index.html
73,The Nameless City (The ...,38.16,http://books.toscrape.com/catalogue/the-nameless-city-the-nameless-city-1_940/index.html
74,"Saga, Volume 5 (Saga ...",51.04,http://books.toscrape.com/catalogue/saga-volume-5-saga-collected-editions-5_923/index.html
75,"Rat Queens, Vol. 3: ...",50.4,http://books.toscrape.com/catalogue/rat-queens-vol-3-demons-rat-queens-collected-editions-11-15_921/index.html
76,"Princess Jellyfish 2-in-1 Omnibus, ...",13.61,http://books.toscrape.com/catalogue/princess-jellyfish-2-in-1-omnibus-vol-01-princess-jellyfish-2-in-1-omnibus-1_920/index.html
77,"Pop Gun War, Volume ...",18.97,http://books.toscrape.com/catalogue/pop-gun-war-volume-1-gift_918/index.html
78,Patience,10.16,http://books.toscrape.com/catalogue/patience_916/index.html
79,"Outcast, Vol. 1: A ...",15.44,http://books.toscrape.com/catalogue/outcast-vol-1-a-darkness-surrounds-him-outcast-1_915/index.html
80,orange: The Complete Collection ...,48.41,http://books.toscrape.com/catalogue/orange-the-complete-collection-1-orange-the-complete-collection-1_914/index.html
81,"Lumberjanes, Vol. 2: Friendship ...",46.91,http://books.toscrape.com/catalogue/lumberjanes-vol-2-friendship-to-the-max-lumberjanes-5-8_907/index.html
82,"Lumberjanes, Vol. 1: Beware ...",45.61,http://books.toscrape.com/catalogue/lumberjanes-vol-1-beware-the-kitten-holy-lumberjanes-1-4_906/index.html
83,Lumberjanes Vol. 3: A ...,19.92,http://books.toscrape.com/catalogue/lumberjanes-vol-3-a-terrible-plan-lumberjanes-9-12_905/index.html
84,"I Hate Fairyland, Vol. ...",29.17,http://books.toscrape.com/catalogue/i-hate-fairyland-vol-1-madly-ever-after-i-hate-fairyland-compilations-1-5_899/index.html
85,I am a Hero ...,54.63,http://books.toscrape.com/catalogue/i-am-a-hero-omnibus-volume-1_898/index.html
86,"Giant Days, Vol. 2 ...",22.11,http://books.toscrape.com/catalogue/giant-days-vol-2-giant-days-5-8_895/index.html
87,Danganronpa Volume 1,51.99,http://books.toscrape.com/catalogue/danganronpa-volume-1_889/index.html
88,"Codename Baboushka, Volume 1: ...",36.72,http://books.toscrape.com/catalogue/codename-baboushka-volume-1-the-conclave-of-death_887/index.html
89,Camp Midnight,17.08,http://books.toscrape.com/catalogue/camp-midnight_886/index.html
90,Chase Me (Paris Nights ...,25.27,http://books.toscrape.com/catalogue/chase-me-paris-nights-2_977/index.html
91,Black Dust,34.53,http://books.toscrape.com/catalogue/black-dust_976/index.html
92,Her Backup Boyfriend (The ...,33.97,http://books.toscrape.com/catalogue/her-backup-boyfriend-the-sorensen-family-1_896/index.html
93,First and First (Five ...,15.97,http://books.toscrape.com/catalogue/first-and-first-five-boroughs-3_893/index.html
94,Fifty Shades Darker (Fifty ...,21.96,http://books.toscrape.com/catalogue/fifty-shades-darker-fifty-shades-2_892/index.html
95,The Wedding Dress,24.12,http://books.toscrape.com/catalogue/the-wedding-dress_864/index.html
96,Suddenly in Love (Lake ...,55.99,http://books.toscrape.com/catalogue/suddenly-in-love-lake-haven-1_835/index.html
97,Something More Than This,16.24,http://books.toscrape.com/catalogue/something-more-than-this_834/index.html
98,Doing It Over (Most ...,35.61,http://books.toscrape.com/catalogue/doing-it-over-most-likely-to-1_802/index.html
99,The Wedding Pact (The ...,32.61,http://books.toscrape.com/catalogue/the-wedding-pact-the-omalleys-2_767/index.html
100,Hold Your Breath (Search ...,28.82,http://books.toscrape.com/catalogue/hold-your-breath-search-and-rescue-1_700/index.html
101,Dirty (Dive Bar #1),40.83,http://books.toscrape.com/catalogue/dirty-dive-bar-1_615/index.html
102,Take Me Home Tonight ...,53.98,http://books.toscrape.com/catalogue/take-me-home-tonight-rock-star-romance-3_605/index.html
103,Off the Hook (Fishing ...,47.67,http://books.toscrape.com/catalogue/off-the-hook-fishing-for-trouble-1_601/index.html
104,A Gentleman's Position (Society ...,14.75,http://books.toscrape.com/catalogue/a-gentlemans-position-society-of-gentlemen-3_584/index.html
105,"Sit, Stay, Love",20.9,http://books.toscrape.com/catalogue/sit-stay-love_486/index.html
106,A Girl's Guide to ...,31.3,http://books.toscrape.com/catalogue/a-girls-guide-to-moving-on-new-beginnings-2_359/index.html
107,The Perfect Play (Play ...,59.99,http://books.toscrape.com/catalogue/the-perfect-play-play-by-play-1_352/index.html
108,Dark Lover (Black Dagger ...,12.87,http://books.toscrape.com/catalogue/dark-lover-black-dagger-brotherhood-1_319/index.html
109,Changing the Game (Play ...,13.38,http://books.toscrape.com/catalogue/changing-the-game-play-by-play-2_317/index.html
110,Sophie's World,15.94,http://books.toscrape.com/catalogue/sophies-world_966/index.html
111,The Death of Humanity: ...,58.11,http://books.toscrape.com/catalogue/the-death-of-humanity-and-the-case-for-life_932/index.html
112,The Stranger,17.44,http://books.toscrape.com/catalogue/the-stranger_861/index.html
113,Proofs of God: Classical ...,54.21,http://books.toscrape.com/catalogue/proofs-of-god-classical-arguments-from-tertullian-to-barth_538/index.html
114,Kierkegaard: A Christian Missionary ...,47.13,http://books.toscrape.com/catalogue/kierkegaard-a-christian-missionary-to-christians_527/index.html
115,At The Existentialist Café: ...,29.93,http://books.toscrape.com/catalogue/at-the-existentialist-cafe-freedom-being-and-apricot-cocktails-with-jean-paul-sartre-simone-de-beauvoir-albert-camus-martin-heidegger-edmund-husserl-karl-jaspers-maurice-merleau-ponty-and-others_459/index.html
116,Critique of Pure Reason,20.75,http://books.toscrape.com/catalogue/critique-of-pure-reason_366/index.html
117,"Run, Spot, Run: The ...",20.02,http://books.toscrape.com/catalogue/run-spot-run-the-ethics-of-keeping-pets_106/index.html
118,The Nicomachean Ethics,36.34,http://books.toscrape.com/catalogue/the-nicomachean-ethics_75/index.html
119,Meditations,25.89,http://books.toscrape.com/catalogue/meditations_33/index.html
120,Beyond Good and Evil,43.38,http://books.toscrape.com/catalogue/beyond-good-and-evil_6/index.html
121,I Had a Nice ...,57.36,http://books.toscrape.com/catalogue/i-had-a-nice-time-and-other-lies-how-to-find-love-sht-like-that_814/index.html
122,Will You Won't You ...,13.86,http://books.toscrape.com/catalogue/will-you-wont-you-want-me_644/index.html
123,Keep Me Posted,20.46,http://books.toscrape.com/catalogue/keep-me-posted_594/index.html
124,Grey (Fifty Shades #4),48.49,http://books.toscrape.com/catalogue/grey-fifty-shades-4_592/index.html
125,Meternity,43.58,http://books.toscrape.com/catalogue/meternity_478/index.html
126,Some Women,13.73,http://books.toscrape.com/catalogue/some-women_341/index.html
127,Shopaholic Ties the Knot ...,48.39,http://books.toscrape.com/catalogue/shopaholic-ties-the-knot-shopaholic-3_340/index.html
128,Can You Keep a ...,21.94,http://books.toscrape.com/catalogue/can-you-keep-a-secret_315/index.html
129,Twenties Girl,42.8,http://books.toscrape.com/catalogue/twenties-girl_292/index.html
130,The Undomestic Goddess,45.75,http://books.toscrape.com/catalogue/the-undomestic-goddess_286/index.html
131,The Nanny Diaries (Nanny ...,52.53,http://books.toscrape.com/catalogue/the-nanny-diaries-nanny-1_265/index.html
132,The Devil Wears Prada ...,44.29,http://books.toscrape.com/catalogue/the-devil-wears-prada-the-devil-wears-prada-1_243/index.html
133,Something Borrowed (Darcy & ...,48.96,http://books.toscrape.com/catalogue/something-borrowed-darcy-rachel-1_224/index.html
134,Something Blue (Darcy & ...,54.62,http://books.toscrape.com/catalogue/something-blue-darcy-rachel-2_223/index.html
135,I've Got Your Number,19.69,http://books.toscrape.com/catalogue/ive-got-your-number_173/index.html
136,The Edge of Reason ...,19.18,http://books.toscrape.com/catalogue/the-edge-of-reason-bridget-jones-2_63/index.html
137,Bridget Jones's Diary (Bridget ...,29.82,http://books.toscrape.com/catalogue/bridget-joness-diary-bridget-jones-1_10/index.html
138,Soumission,50.1,http://books.toscrape.com/catalogue/soumission_998/index.html
139,Private Paris (Private #10),47.61,http://books.toscrape.com/catalogue/private-paris-private-10_958/index.html
140,"We Love You, Charlie ...",50.27,http://books.toscrape.com/catalogue/we-love-you-charlie-freeman_954/index.html
141,Thirst,17.27,http://books.toscrape.com/catalogue/thirst_946/index.html
142,The Murder That Never ...,54.11,http://books.toscrape.com/catalogue/the-murder-that-never-was-forensic-instincts-5_939/index.html
143,Tuesday Nights in 1980,21.04,http://books.toscrape.com/catalogue/tuesday-nights-in-1980_870/index.html
144,The Vacationers,42.15,http://books.toscrape.com/catalogue/the-vacationers_863/index.html
145,The Regional Office Is ...,51.36,http://books.toscrape.com/catalogue/the-regional-office-is-under-attack_858/index.html
146,Finders Keepers (Bill Hodges ...,53.53,http://books.toscrape.com/catalogue/finders-keepers-bill-hodges-trilogy-2_807/index.html
147,The Time Keeper,27.88,http://books.toscrape.com/catalogue/the-time-keeper_766/index.html
148,The Testament of Mary,52.67,http://books.toscrape.com/catalogue/the-testament-of-mary_765/index.html
149,The First Hostage (J.B. ...,25.85,http://books.toscrape.com/catalogue/the-first-hostage-jb-collins-2_749/index.html
150,Take Me with You,45.21,http://books.toscrape.com/catalogue/take-me-with-you_741/index.html
151,Still Life with Bread ...,26.41,http://books.toscrape.com/catalogue/still-life-with-bread-crumbs_738/index.html
152,Shtum,55.84,http://books.toscrape.com/catalogue/shtum_733/index.html
153,My Name Is Lucy ...,41.56,http://books.toscrape.com/catalogue/my-name-is-lucy-barton_720/index.html
154,My Mrs. Brown,24.48,http://books.toscrape.com/catalogue/my-mrs-brown_719/index.html
155,Mr. Mercedes (Bill Hodges ...,28.9,http://books.toscrape.com/catalogue/mr-mercedes-bill-hodges-trilogy-1_717/index.html
156,I Am Pilgrim (Pilgrim ...,10.6,http://books.toscrape.com/catalogue/i-am-pilgrim-pilgrim-1_703/index.html
157,Eligible (The Austen Project ...,27.09,http://books.toscrape.com/catalogue/eligible-the-austen-project-4_692/index.html
158,Rip it Up and ...,35.02,http://books.toscrape.com/catalogue/rip-it-up-and-start-again_986/index.html
159,Our Band Could Be ...,57.25,http://books.toscrape.com/catalogue/our-band-could-be-your-life-scenes-from-the-american-indie-underground-1981-1991_985/index.html
160,How Music Works,37.32,http://books.toscrape.com/catalogue/how-music-works_979/index.html
161,Love Is a Mix ...,18.03,http://books.toscrape.com/catalogue/love-is-a-mix-tape-music-1_711/index.html
162,Please Kill Me: The ...,31.19,http://books.toscrape.com/catalogue/please-kill-me-the-uncensored-oral-history-of-punk_537/index.html
163,Kill 'Em and Leave: ...,45.05,http://books.toscrape.com/catalogue/kill-em-and-leave-searching-for-james-brown-and-the-american-soul_528/index.html
164,"Chronicles, Vol. 1",52.6,http://books.toscrape.com/catalogue/chronicles-vol-1_462/index.html
165,This Is Your Brain ...,38.4,http://books.toscrape.com/catalogue/this-is-your-brain-on-music-the-science-of-a-human-obsession_414/index.html
166,Orchestra of Exiles: The ...,12.36,http://books.toscrape.com/catalogue/orchestra-of-exiles-the-story-of-bronislaw-huberman-the-israel-philharmonic-and-the-one-thousand-jews-he-saved-from-nazi-horrors_337/index.html
167,No One Here Gets ...,20.02,http://books.toscrape.com/catalogue/no-one-here-gets-out-alive_336/index.html
168,Life,31.58,http://books.toscrape.com/catalogue/life_104/index.html
169,Old Records Never Die: ...,55.66,http://books.toscrape.com/catalogue/old-records-never-die-one-mans-quest-for-his-vinyl-and-his-past_39/index.html
170,Forever Rockers (The Rocker ...,28.8,http://books.toscrape.com/catalogue/forever-rockers-the-rocker-12_19/index.html
171,The Coming Woman: A ...,17.93,http://books.toscrape.com/catalogue/the-coming-woman-a-novel-based-on-the-life-of-the-infamous-feminist-victoria-woodhull_993/index.html
172,The Boys in the ...,22.6,http://books.toscrape.com/catalogue/the-boys-in-the-boat-nine-americans-and-their-epic-quest-for-gold-at-the-1936-berlin-olympics_992/index.html
173,Starving Hearts (Triangular Trade ...,13.99,http://books.toscrape.com/catalogue/starving-hearts-triangular-trade-trilogy-1_990/index.html
174,America's Cradle of Quarterbacks: ...,22.5,http://books.toscrape.com/catalogue/americas-cradle-of-quarterbacks-western-pennsylvanias-football-factory-from-johnny-unitas-to-joe-montana_974/index.html
175,Aladdin and His Wonderful ...,53.13,http://books.toscrape.com/catalogue/aladdin-and-his-wonderful-lamp_973/index.html
176,Penny Maybe,33.29,http://books.toscrape.com/catalogue/penny-maybe_965/index.html
177,Maude (1883-1993):She Grew Up ...,18.02,http://books.toscrape.com/catalogue/maude-1883-1993she-grew-up-with-the-country_964/index.html
178,The Inefficiency Assassin: Time ...,20.59,http://books.toscrape.com/catalogue/the-inefficiency-assassin-time-management-tactics-for-working-smarter-not-longer_935/index.html
179,Soul Reader,39.58,http://books.toscrape.com/catalogue/soul-reader_926/index.html
180,Bossypants,49.46,http://books.toscrape.com/catalogue/bossypants_883/index.html
181,A World of Flavor: ...,42.95,http://books.toscrape.com/catalogue/a-world-of-flavor-your-gluten-free-passport_879/index.html
182,"A Piece of Sky, ...",56.76,http://books.toscrape.com/catalogue/a-piece-of-sky-a-grain-of-rice-a-memoir-in-four-meditations_878/index.html
183,Tracing Numbers on a ...,41.6,http://books.toscrape.com/catalogue/tracing-numbers-on-a-train_869/index.html
184,Thirteen Reasons Why,52.72,http://books.toscrape.com/catalogue/thirteen-reasons-why_866/index.html
185,The Secret (The Secret ...,27.37,http://books.toscrape.com/catalogue/the-secret-the-secret-1_859/index.html
186,The Psychopath Test: A ...,36.0,http://books.toscrape.com/catalogue/the-psychopath-test-a-journey-through-the-madness-industry_857/index.html
187,The Kite Runner,41.82,http://books.toscrape.com/catalogue/the-kite-runner_847/index.html
188,The Girl on the ...,55.02,http://books.toscrape.com/catalogue/the-girl-on-the-train_844/index.html
189,The Emerald Mystery,23.15,http://books.toscrape.com/catalogue/the-emerald-mystery_842/index.html
190,The Bridge to Consciousness: ...,32.0,http://books.toscrape.com/catalogue/the-bridge-to-consciousness-im-writing-the-bridge-between-science-and-our-old-and-new-beliefs_840/index.html
191,Don't Be a Jerk: ...,37.97,http://books.toscrape.com/catalogue/dont-be-a-jerk-and-other-practical-advice-from-dogen-japans-greatest-zen-master_890/index.html
192,You Are What You ...,21.87,http://books.toscrape.com/catalogue/you-are-what-you-love-the-spiritual-power-of-habit_872/index.html
193,God: The Most Unpleasant ...,30.03,http://books.toscrape.com/catalogue/god-the-most-unpleasant-character-in-all-fiction_697/index.html
194,The Book of Mormon,24.57,http://books.toscrape.com/catalogue/the-book-of-mormon_571/index.html
195,A History of God: ...,27.62,http://books.toscrape.com/catalogue/a-history-of-god-the-4000-year-quest-of-judaism-christianity-and-islam_310/index.html
196,The Bhagavad Gita,57.49,http://books.toscrape.com/catalogue/the-bhagavad-gita_60/index.html
197,Choosing Our Religion: The ...,28.42,http://books.toscrape.com/catalogue/choosing-our-religion-the-spiritual-lives-of-americas-nones_14/index.html
198,Worlds Elsewhere: Journeys Around ...,40.3,http://books.toscrape.com/catalogue/worlds-elsewhere-journeys-around-shakespeares-globe_972/index.html
199,The Five Love Languages: ...,31.05,http://books.toscrape.com/catalogue/the-five-love-languages-how-to-express-heartfelt-commitment-to-your-mate_969/index.html
200,Reasons to Stay Alive,26.41,http://books.toscrape.com/catalogue/reasons-to-stay-alive_959/index.html
201,#HigherSelfie: Wake Up Your ...,23.11,http://books.toscrape.com/catalogue/higherselfie-wake-up-your-life-free-your-soul-find-your-tribe_957/index.html
202,Unseen City: The Majesty ...,44.18,http://books.toscrape.com/catalogue/unseen-city-the-majesty-of-pigeons-the-discreet-charm-of-snails-other-wonders-of-the-urban-wilderness_952/index.html
203,Throwing Rocks at the ...,31.12,http://books.toscrape.com/catalogue/throwing-rocks-at-the-google-bus-how-growth-became-the-enemy-of-prosperity_948/index.html
204,The Life-Changing Magic of ...,16.77,http://books.toscrape.com/catalogue/the-life-changing-magic-of-tidying-up-the-japanese-art-of-decluttering-and-organizing_936/index.html
205,The Gutsy Girl: Escapades ...,37.13,http://books.toscrape.com/catalogue/the-gutsy-girl-escapades-for-your-life-of-epic-adventure_934/index.html
206,The Electric Pencil: Drawings ...,56.06,http://books.toscrape.com/catalogue/the-electric-pencil-drawings-from-inside-state-hospital-no-3_933/index.html
207,Spark Joy: An Illustrated ...,41.83,http://books.toscrape.com/catalogue/spark-joy-an-illustrated-master-class-on-the-art-of-organizing-and-tidying-up_927/index.html
208,Reskilling America: Learning to ...,19.83,http://books.toscrape.com/catalogue/reskilling-america-learning-to-labor-in-the-twenty-first-century_922/index.html
209,In the Country We ...,22.0,http://books.toscrape.com/catalogue/in-the-country-we-love-my-family-divided_901/index.html
210,Everydata: The Misinformation Hidden ...,54.35,http://books.toscrape.com/catalogue/everydata-the-misinformation-hidden-in-the-little-data-you-consume-every-day_891/index.html
211,Call the Nurse: True ...,29.14,http://books.toscrape.com/catalogue/call-the-nurse-true-stories-of-a-country-nurse-on-a-scottish-isle_885/index.html
212,Algorithms to Live By: ...,30.81,http://books.toscrape.com/catalogue/algorithms-to-live-by-the-computer-science-of-human-decisions_880/index.html
213,The Power of Now: ...,43.54,http://books.toscrape.com/catalogue/the-power-of-now-a-guide-to-spiritual-enlightenment_855/index.html
214,The Omnivore's Dilemma: A ...,38.21,http://books.toscrape.com/catalogue/the-omnivores-dilemma-a-natural-history-of-four-meals_854/index.html
215,The Genius of Birds,17.24,http://books.toscrape.com/catalogue/the-genius-of-birds_843/index.html
216,The Artist's Way: A ...,38.49,http://books.toscrape.com/catalogue/the-artists-way-a-spiritual-path-to-higher-creativity_839/index.html
217,So You've Been Publicly ...,12.23,http://books.toscrape.com/catalogue/so-youve-been-publicly-shamed_832/index.html
218,Birdsong: A Story in ...,54.64,http://books.toscrape.com/catalogue/birdsong-a-story-in-pictures_975/index.html
219,The Bear and the ...,36.89,http://books.toscrape.com/catalogue/the-bear-and-the-piano_967/index.html
220,The Secret of Dreadwillow ...,56.13,http://books.toscrape.com/catalogue/the-secret-of-dreadwillow-carse_944/index.html
221,The White Cat and ...,58.08,http://books.toscrape.com/catalogue/the-white-cat-and-the-monk-a-retelling-of-the-poem-pangur-ban_865/index.html
222,Little Red,13.47,http://books.toscrape.com/catalogue/little-red_817/index.html
223,Walt Disney's Alice in ...,12.96,http://books.toscrape.com/catalogue/walt-disneys-alice-in-wonderland_777/index.html
224,Twenty Yawns,22.08,http://books.toscrape.com/catalogue/twenty-yawns_773/index.html
225,Rain Fish,23.57,http://books.toscrape.com/catalogue/rain-fish_728/index.html
226,Once Was a Time,18.28,http://books.toscrape.com/catalogue/once-was-a-time_724/index.html
227,Luis Paints the World,53.95,http://books.toscrape.com/catalogue/luis-paints-the-world_714/index.html
228,Nap-a-Roo,25.08,http://books.toscrape.com/catalogue/nap-a-roo_567/index.html
229,The Whale,35.96,http://books.toscrape.com/catalogue/the-whale_501/index.html
230,"Shrunken Treasures: Literary Classics, ...",52.87,http://books.toscrape.com/catalogue/shrunken-treasures-literary-classics-short-sweet-and-silly_484/index.html
231,Raymie Nightingale,34.41,http://books.toscrape.com/catalogue/raymie-nightingale_482/index.html
232,Playing from the Heart,32.38,http://books.toscrape.com/catalogue/playing-from-the-heart_481/index.html
233,Maybe Something Beautiful: How ...,22.54,http://books.toscrape.com/catalogue/maybe-something-beautiful-how-art-transformed-a-neighborhood_386/index.html
234,The Wild Robot,56.07,http://books.toscrape.com/catalogue/the-wild-robot_288/index.html
235,The Thing About Jellyfish,48.77,http://books.toscrape.com/catalogue/the-thing-about-jellyfish_283/index.html
236,The Lonely Ones,43.59,http://books.toscrape.com/catalogue/the-lonely-ones_261/index.html
237,The Day the Crayons ...,26.33,http://books.toscrape.com/catalogue/the-day-the-crayons-came-home-crayons_241/index.html
238,Mesaerion: The Best Science ...,37.59,http://books.toscrape.com/catalogue/mesaerion-the-best-science-fiction-stories-1800-1849_983/index.html
239,Join,35.67,http://books.toscrape.com/catalogue/join_902/index.html
240,William Shakespeare's Star Wars: ...,43.3,http://books.toscrape.com/catalogue/william-shakespeares-star-wars-verily-a-new-hope-william-shakespeares-star-wars-4_871/index.html
241,The Project,10.65,http://books.toscrape.com/catalogue/the-project_856/index.html
242,Soft Apocalypse,26.12,http://books.toscrape.com/catalogue/soft-apocalypse_833/index.html
243,Sleeping Giants (Themis Files ...,48.74,http://books.toscrape.com/catalogue/sleeping-giants-themis-files-1_604/index.html
244,Arena,21.36,http://books.toscrape.com/catalogue/arena_587/index.html
245,Foundation (Foundation (Publication Order) ...,32.42,http://books.toscrape.com/catalogue/foundation-foundation-publication-order-1_375/index.html
246,The Restaurant at the ...,10.92,http://books.toscrape.com/catalogue/the-restaurant-at-the-end-of-the-universe-hitchhikers-guide-to-the-galaxy-2_275/index.html
247,Ready Player One,19.07,http://books.toscrape.com/catalogue/ready-player-one_209/index.html
248,"Life, the Universe and ...",33.26,http://books.toscrape.com/catalogue/life-the-universe-and-everything-hitchhikers-guide-to-the-galaxy-3_189/index.html
249,Dune (Dune #1),54.86,http://books.toscrape.com/catalogue/dune-dune-1_151/index.html
250,Do Androids Dream of ...,51.48,http://books.toscrape.com/catalogue/do-androids-dream-of-electric-sheep-blade-runner-1_149/index.html
251,Three Wishes (River of ...,44.18,http://books.toscrape.com/catalogue/three-wishes-river-of-time-california-1_89/index.html
252,The Last Girl (The ...,36.26,http://books.toscrape.com/catalogue/the-last-girl-the-dominion-trilogy-1_70/index.html
253,Having the Barbarian's Baby ...,34.96,http://books.toscrape.com/catalogue/having-the-barbarians-baby-ice-planet-barbarians-75_23/index.html
254,The Book of Basketball: ...,44.84,http://books.toscrape.com/catalogue/the-book-of-basketball-the-nba-according-to-the-sports-guy_232/index.html
255,Friday Night Lights: A ...,51.22,http://books.toscrape.com/catalogue/friday-night-lights-a-town-a-team-and-a-dream_158/index.html
256,Sugar Rush (Offensive Line ...,24.42,http://books.toscrape.com/catalogue/sugar-rush-offensive-line-2_108/index.html
257,Settling the Score (The ...,44.91,http://books.toscrape.com/catalogue/settling-the-score-the-summer-games-1_50/index.html
258,Icing (Aces Hockey #2),40.44,http://books.toscrape.com/catalogue/icing-aces-hockey-2_25/index.html
259,The Torch Is Passed: ...,19.09,http://books.toscrape.com/catalogue/the-torch-is-passed-a-harding-family-story_945/index.html
260,The Mindfulness and Acceptance ...,23.89,http://books.toscrape.com/catalogue/the-mindfulness-and-acceptance-workbook-for-anxiety-a-guide-to-breaking-free-from-anxiety-phobias-and-worry-using-acceptance-and-commitment-therapy_937/index.html
261,The Art Forger,40.76,http://books.toscrape.com/catalogue/the-art-forger_930/index.html
262,On a Midnight Clear,14.07,http://books.toscrape.com/catalogue/on-a-midnight-clear_912/index.html
263,Judo: Seven Steps to ...,53.9,http://books.toscrape.com/catalogue/judo-seven-steps-to-black-belt-an-introductory-guide-for-beginners_903/index.html
264,"Shobu Samurai, Project Aryoku ...",29.06,http://books.toscrape.com/catalogue/shobu-samurai-project-aryoku-3_830/index.html
265,Modern Romance,28.26,http://books.toscrape.com/catalogue/modern-romance_820/index.html
266,The White Queen (The ...,25.91,http://books.toscrape.com/catalogue/the-white-queen-the-cousins-war-1_768/index.html
267,The Song of Achilles,37.4,http://books.toscrape.com/catalogue/the-song-of-achilles_762/index.html
268,The Immortal Life of ...,40.67,http://books.toscrape.com/catalogue/the-immortal-life-of-henrietta-lacks_753/index.html
269,The Dovekeepers,48.78,http://books.toscrape.com/catalogue/the-dovekeepers_748/index.html
270,More Than Music (Chasing ...,37.61,http://books.toscrape.com/catalogue/more-than-music-chasing-the-dream-1_716/index.html
271,Code Name Verity (Code ...,22.13,http://books.toscrape.com/catalogue/code-name-verity-code-name-verity-1_680/index.html
272,Cell,20.29,http://books.toscrape.com/catalogue/cell_674/index.html
273,Angels Walking (Angels Walking ...,34.2,http://books.toscrape.com/catalogue/angels-walking-angels-walking-1_662/index.html
274,A Series of Catastrophes ...,56.48,http://books.toscrape.com/catalogue/a-series-of-catastrophes-and-miracles-a-true-story-of-love-science-and-cancer_655/index.html
275,A People's History of ...,40.79,http://books.toscrape.com/catalogue/a-peoples-history-of-the-united-states_654/index.html
276,A Brush of Wings ...,55.51,http://books.toscrape.com/catalogue/a-brush-of-wings-angels-walking-3_651/index.html
277,Rook,37.86,http://books.toscrape.com/catalogue/rook_647/index.html
278,The Midnight Watch: A ...,26.2,http://books.toscrape.com/catalogue/the-midnight-watch-a-novel-of-the-titanic-and-the-californian_640/index.html
279,Unicorn Tracks,18.78,http://books.toscrape.com/catalogue/unicorn-tracks_951/index.html
280,"Saga, Volume 6 (Saga ...",25.02,http://books.toscrape.com/catalogue/saga-volume-6-saga-collected-editions-6_924/index.html
281,Princess Between Worlds (Wide-Awake ...,13.34,http://books.toscrape.com/catalogue/princess-between-worlds-wide-awake-princess-5_919/index.html
282,Masks and Shadows,56.4,http://books.toscrape.com/catalogue/masks-and-shadows_909/index.html
283,Crown of Midnight (Throne ...,43.29,http://books.toscrape.com/catalogue/crown-of-midnight-throne-of-glass-2_888/index.html
284,Avatar: The Last Airbender: ...,28.09,http://books.toscrape.com/catalogue/avatar-the-last-airbender-smoke-and-shadow-part-3-smoke-and-shadow-3_881/index.html
285,A Court of Thorns ...,52.37,http://books.toscrape.com/catalogue/a-court-of-thorns-and-roses-a-court-of-thorns-and-roses-1_874/index.html
286,Throne of Glass (Throne ...,35.07,http://books.toscrape.com/catalogue/throne-of-glass-throne-of-glass-1_868/index.html
287,The Glittering Court (The ...,44.28,http://books.toscrape.com/catalogue/the-glittering-court-the-glittering-court-1_845/index.html
288,Hollow City (Miss Peregrine’s ...,42.98,http://books.toscrape.com/catalogue/hollow-city-miss-peregrines-peculiar-children-2_813/index.html
289,The Star-Touched Queen,46.02,http://books.toscrape.com/catalogue/the-star-touched-queen_764/index.html
290,The Hidden Oracle (The ...,52.26,http://books.toscrape.com/catalogue/the-hidden-oracle-the-trials-of-apollo-1_752/index.html
291,The Bane Chronicles (The ...,44.73,http://books.toscrape.com/catalogue/the-bane-chronicles-the-bane-chronicles-1-11_746/index.html
292,Island of Dragons (Unwanteds ...,29.65,http://books.toscrape.com/catalogue/island-of-dragons-unwanteds-7_705/index.html
293,Demigods & Magicians: Percy ...,37.51,http://books.toscrape.com/catalogue/demigods-magicians-percy-and-annabeth-meet-the-kanes-percy-jackson-kane-chronicles-crossover-1-3_685/index.html
294,City of Glass (The ...,56.02,http://books.toscrape.com/catalogue/city-of-glass-the-mortal-instruments-3_678/index.html
295,Searching for Meaning in ...,38.73,http://books.toscrape.com/catalogue/searching-for-meaning-in-gailana_648/index.html
296,The Star-Touched Queen,32.3,http://books.toscrape.com/catalogue/the-star-touched-queen_642/index.html
297,A Shard of Ice ...,56.63,http://books.toscrape.com/catalogue/a-shard-of-ice-the-black-symphony-saga-1_558/index.html
298,King's Folly (The Kinsman ...,39.61,http://books.toscrape.com/catalogue/kings-folly-the-kinsman-chronicles-1_473/index.html
299,Without Borders (Wanderlove #1),45.07,http://books.toscrape.com/catalogue/without-borders-wanderlove-1_956/index.html
300,The Mistake (Off-Campus #2),43.29,http://books.toscrape.com/catalogue/the-mistake-off-campus-2_851/index.html
301,The Matchmaker's Playbook (Wingmen ...,55.85,http://books.toscrape.com/catalogue/the-matchmakers-playbook-wingmen-inc-1_850/index.html
302,The Hook Up (Game ...,36.29,http://books.toscrape.com/catalogue/the-hook-up-game-on-1_68/index.html
303,Shameless,58.35,http://books.toscrape.com/catalogue/shameless_52/index.html
304,Off Sides (Off #1),39.45,http://books.toscrape.com/catalogue/off-sides-off-1_38/index.html
305,The Most Perfect Thing: ...,42.96,http://books.toscrape.com/catalogue/the-most-perfect-thing-inside-and-outside-a-birds-egg_938/index.html
306,Immunity: How Elie Metchnikoff ...,57.36,http://books.toscrape.com/catalogue/immunity-how-elie-metchnikoff-changed-the-course-of-modern-medicine_900/index.html
307,Sorting the Beef from ...,44.74,http://books.toscrape.com/catalogue/sorting-the-beef-from-the-bull-the-science-of-food-fraud-forensics_736/index.html
308,Tipping Point for Planet ...,37.55,http://books.toscrape.com/catalogue/tipping-point-for-planet-earth-how-close-are-we-to-the-edge_643/index.html
309,The Fabric of the ...,55.91,http://books.toscrape.com/catalogue/the-fabric-of-the-cosmos-space-time-and-the-texture-of-reality_572/index.html
310,Diary of a Citizen ...,28.41,http://books.toscrape.com/catalogue/diary-of-a-citizen-scientist-chasing-tiger-beetles-and-other-new-ways-of-engaging-the-world_517/index.html
311,The Origin of Species,10.01,http://books.toscrape.com/catalogue/the-origin-of-species_499/index.html
312,The Grand Design,13.76,http://books.toscrape.com/catalogue/the-grand-design_405/index.html
313,Peak: Secrets from the ...,16.28,http://books.toscrape.com/catalogue/peak-secrets-from-the-new-science-of-expertise_389/index.html
314,"The Elegant Universe: Superstrings, ...",13.03,http://books.toscrape.com/catalogue/the-elegant-universe-superstrings-hidden-dimensions-and-the-quest-for-the-ultimate-theory_245/index.html
315,The Disappearing Spoon: And ...,57.35,http://books.toscrape.com/catalogue/the-disappearing-spoon-and-other-true-tales-of-madness-love-and-the-history-of-the-world-from-the-periodic-table-of-the-elements_244/index.html
316,"Surely You're Joking, Mr. ...",25.83,http://books.toscrape.com/catalogue/surely-youre-joking-mr-feynman-adventures-of-a-curious-character_227/index.html
317,Seven Brief Lessons on ...,30.6,http://books.toscrape.com/catalogue/seven-brief-lessons-on-physics_219/index.html
318,The Selfish Gene,29.45,http://books.toscrape.com/catalogue/the-selfish-gene_81/index.html
319,A Light in the ...,51.77,http://books.toscrape.com/catalogue/a-light-in-the-attic_1000/index.html
320,The Black Maria,52.15,http://books.toscrape.com/catalogue/the-black-maria_991/index.html
321,Shakespeare's Sonnets,20.66,http://books.toscrape.com/catalogue/shakespeares-sonnets_989/index.html
322,Olio,23.88,http://books.toscrape.com/catalogue/olio_984/index.html
323,You can't bury them ...,33.63,http://books.toscrape.com/catalogue/you-cant-bury-them-all-poems_961/index.html
324,Slow States of Collapse: ...,57.31,http://books.toscrape.com/catalogue/slow-states-of-collapse-poems_960/index.html
325,Untitled Collection: Sabbath Poems ...,14.27,http://books.toscrape.com/catalogue/untitled-collection-sabbath-poems-2014_953/index.html
326,Poems That Make Grown ...,14.19,http://books.toscrape.com/catalogue/poems-that-make-grown-women-cry_824/index.html
327,Night Sky with Exit ...,41.05,http://books.toscrape.com/catalogue/night-sky-with-exit-wounds_822/index.html
328,salt.,46.78,http://books.toscrape.com/catalogue/salt_731/index.html
329,Quarter Life Poetry: Poems ...,50.89,http://books.toscrape.com/catalogue/quarter-life-poetry-poems-for-the-young-broke-and-hangry_727/index.html
330,Out of Print: City ...,53.64,http://books.toscrape.com/catalogue/out-of-print-city-lights-spotlight-no-14_536/index.html
331,Les Fleurs du Mal,29.04,http://books.toscrape.com/catalogue/les-fleurs-du-mal_530/index.html
332,Howl and Other Poems,40.45,http://books.toscrape.com/catalogue/howl-and-other-poems_522/index.html
333,Leave This Song Behind: ...,51.17,http://books.toscrape.com/catalogue/leave-this-song-behind-teen-poetry-at-its-best_474/index.html
334,The Collected Poems of ...,15.42,http://books.toscrape.com/catalogue/the-collected-poems-of-wb-yeats-the-collected-works-of-wb-yeats-1_441/index.html
335,The Crossover,38.77,http://books.toscrape.com/catalogue/the-crossover_398/index.html
336,Booked,17.49,http://books.toscrape.com/catalogue/booked_365/index.html
337,Twenty Love Poems and ...,30.95,http://books.toscrape.com/catalogue/twenty-love-poems-and-a-song-of-despair_91/index.html
338,The Requiem Red,22.65,http://books.toscrape.com/catalogue/the-requiem-red_995/index.html
339,Set Me Free,17.46,http://books.toscrape.com/catalogue/set-me-free_988/index.html
340,The Natural History of ...,45.22,http://books.toscrape.com/catalogue/the-natural-history-of-us-the-fine-art-of-pretending-2_941/index.html
341,Obsidian (Lux #1),14.86,http://books.toscrape.com/catalogue/obsidian-lux-1_911/index.html
342,Burning,28.81,http://books.toscrape.com/catalogue/burning_884/index.html
343,A Fierce and Subtle ...,28.13,http://books.toscrape.com/catalogue/a-fierce-and-subtle-poison_875/index.html
344,Scarlett Epstein Hates It ...,43.55,http://books.toscrape.com/catalogue/scarlett-epstein-hates-it-here_828/index.html
345,"Nightingale, Sing",38.28,http://books.toscrape.com/catalogue/nightingale-sing_823/index.html
346,Library of Souls (Miss ...,48.56,http://books.toscrape.com/catalogue/library-of-souls-miss-peregrines-peculiar-children-3_816/index.html
347,Frostbite (Vampire Academy #2),29.99,http://books.toscrape.com/catalogue/frostbite-vampire-academy-2_810/index.html
348,Wild Swans,14.36,http://books.toscrape.com/catalogue/wild-swans_782/index.html
349,Until Friday Night (The ...,46.31,http://books.toscrape.com/catalogue/until-friday-night-the-field-party-1_775/index.html
350,This Is Where It ...,27.12,http://books.toscrape.com/catalogue/this-is-where-it-ends_771/index.html
351,The Darkest Lie,35.35,http://books.toscrape.com/catalogue/the-darkest-lie_747/index.html
352,My Kind of Crazy,40.36,http://books.toscrape.com/catalogue/my-kind-of-crazy_718/index.html
353,Don't Get Caught,55.35,http://books.toscrape.com/catalogue/dont-get-caught_687/index.html
354,Catching Jordan (Hundred Oaks),50.83,http://books.toscrape.com/catalogue/catching-jordan-hundred-oaks_673/index.html
355,Aristotle and Dante Discover ...,58.14,http://books.toscrape.com/catalogue/aristotle-and-dante-discover-the-secrets-of-the-universe-aristotle-and-dante-discover-the-secrets-of-the-universe-1_663/index.html
356,The Epidemic (The Program ...,14.44,http://books.toscrape.com/catalogue/the-epidemic-the-program-06_636/index.html
357,Stars Above (The Lunar ...,48.05,http://books.toscrape.com/catalogue/stars-above-the-lunar-chronicles-45_632/index.html
358,Wall and Piece,44.18,http://books.toscrape.com/catalogue/wall-and-piece_971/index.html
359,Feathers: Displays of Brilliant ...,49.05,http://books.toscrape.com/catalogue/feathers-displays-of-brilliant-plumage_695/index.html
360,Art and Fear: Observations ...,48.63,http://books.toscrape.com/catalogue/art-and-fear-observations-on-the-perils-and-rewards-of-artmaking_559/index.html
361,The New Drawing on ...,43.02,http://books.toscrape.com/catalogue/the-new-drawing-on-the-right-side-of-the-brain_550/index.html
362,History of Beauty,10.29,http://books.toscrape.com/catalogue/history-of-beauty_521/index.html
363,The Story of Art,41.14,http://books.toscrape.com/catalogue/the-story-of-art_500/index.html
364,The Art Book,32.34,http://books.toscrape.com/catalogue/the-art-book_490/index.html
365,Ways of Seeing,39.51,http://books.toscrape.com/catalogue/ways-of-seeing_94/index.html
366,"Vampire Knight, Vol. 1 ...",15.4,http://books.toscrape.com/catalogue/vampire-knight-vol-1-vampire-knight-1_93/index.html
367,The Lucifer Effect: Understanding ...,10.4,http://books.toscrape.com/catalogue/the-lucifer-effect-understanding-how-good-people-turn-evil_758/index.html
368,The Golden Condom: And ...,39.43,http://books.toscrape.com/catalogue/the-golden-condom-and-other-essays-on-love-lost-and-found_637/index.html
369,It Didn't Start with ...,56.27,http://books.toscrape.com/catalogue/it-didnt-start-with-you-how-inherited-family-trauma-shapes-who-we-are-and-how-to-end-the-cycle_593/index.html
370,An Unquiet Mind: A ...,21.3,http://books.toscrape.com/catalogue/an-unquiet-mind-a-memoir-of-moods-and-madness_422/index.html
371,"Thinking, Fast and Slow",21.14,http://books.toscrape.com/catalogue/thinking-fast-and-slow_289/index.html
372,Civilization and Its Discontents,59.95,http://books.toscrape.com/catalogue/civilization-and-its-discontents_140/index.html
373,8 Keys to Mental ...,31.04,http://books.toscrape.com/catalogue/8-keys-to-mental-health-through-exercise_114/index.html
374,The Argonauts,10.93,http://books.toscrape.com/catalogue/the-argonauts_837/index.html
375,M Train,27.18,http://books.toscrape.com/catalogue/m-train_598/index.html
376,Lab Girl,40.85,http://books.toscrape.com/catalogue/lab-girl_595/index.html
377,Approval Junkie: Adventures in ...,58.81,http://books.toscrape.com/catalogue/approval-junkie-adventures-in-caring-too-much_363/index.html
378,Running with Scissors,12.91,http://books.toscrape.com/catalogue/running-with-scissors_215/index.html
379,Me Talk Pretty One ...,57.6,http://books.toscrape.com/catalogue/me-talk-pretty-one-day_193/index.html
380,Lust & Wonder,11.87,http://books.toscrape.com/catalogue/lust-wonder_191/index.html
381,Life Without a Recipe,59.04,http://books.toscrape.com/catalogue/life-without-a-recipe_188/index.html
382,A Heartbreaking Work of ...,54.29,http://books.toscrape.com/catalogue/a-heartbreaking-work-of-staggering-genius_115/index.html
383,Catastrophic Happiness: Finding Joy ...,37.35,http://books.toscrape.com/catalogue/catastrophic-happiness-finding-joy-in-childhoods-messy-years_138/index.html
384,Sapiens: A Brief History ...,54.23,http://books.toscrape.com/catalogue/sapiens-a-brief-history-of-humankind_996/index.html
385,Unbound: How Eight Technologies ...,25.52,http://books.toscrape.com/catalogue/unbound-how-eight-technologies-made-us-human-transformed-society-and-brought-our-world-to-the-brink_950/index.html
386,The Age of Genius: ...,19.73,http://books.toscrape.com/catalogue/the-age-of-genius-the-seventeenth-century-and-the-birth-of-the-modern-mind_929/index.html
387,"Political Suicide: Missteps, Peccadilloes, ...",36.28,http://books.toscrape.com/catalogue/political-suicide-missteps-peccadilloes-bad-calls-backroom-hijinx-sordid-pasts-rotten-breaks-and-just-plain-dumb-mistakes-in-the-annals-of-american-politics_917/index.html
388,Thomas Jefferson and the ...,59.64,http://books.toscrape.com/catalogue/thomas-jefferson-and-the-tripoli-pirates-the-forgotten-war-that-changed-american-history_867/index.html
389,Zealot: The Life and ...,24.7,http://books.toscrape.com/catalogue/zealot-the-life-and-times-of-jesus-of-nazareth_785/index.html
390,A Distant Mirror: The ...,14.58,http://books.toscrape.com/catalogue/a-distant-mirror-the-calamitous-14th-century_652/index.html
391,1491: New Revelations of ...,21.8,http://books.toscrape.com/catalogue/1491-new-revelations-of-the-americas-before-columbus_650/index.html
392,Brilliant Beacons: A History ...,11.45,http://books.toscrape.com/catalogue/brilliant-beacons-a-history-of-the-american-lighthouse_515/index.html
393,"""Most Blessed of the ...",44.48,http://books.toscrape.com/catalogue/most-blessed-of-the-patriarchs-thomas-jefferson-and-the-empire-of-the-imagination_509/index.html
394,A Short History of ...,52.4,http://books.toscrape.com/catalogue/a-short-history-of-nearly-everything_457/index.html
395,The Rise and Fall ...,39.67,http://books.toscrape.com/catalogue/the-rise-and-fall-of-the-third-reich-a-history-of-nazi-germany_454/index.html
396,Catherine the Great: Portrait ...,58.55,http://books.toscrape.com/catalogue/catherine-the-great-portrait-of-a-woman_424/index.html
397,The Mathews Men: Seven ...,42.91,http://books.toscrape.com/catalogue/the-mathews-men-seven-brothers-and-the-war-against-hitlers-u-boats_408/index.html
398,The Hiding Place,55.91,http://books.toscrape.com/catalogue/the-hiding-place_406/index.html
399,America's War for the ...,51.22,http://books.toscrape.com/catalogue/americas-war-for-the-greater-middle-east-a-military-history_361/index.html
400,The Guns of August,14.54,http://books.toscrape.com/catalogue/the-guns-of-august_254/index.html
401,House of Lost Worlds: ...,43.7,http://books.toscrape.com/catalogue/house-of-lost-worlds-dinosaurs-dynasties-and-the-story-of-life-on-earth_170/index.html
402,Security,39.25,http://books.toscrape.com/catalogue/security_925/index.html
403,Follow You Home,21.36,http://books.toscrape.com/catalogue/follow-you-home_809/index.html
404,The Loney,23.4,http://books.toscrape.com/catalogue/the-loney_756/index.html
405,Pet Sematary,10.56,http://books.toscrape.com/catalogue/pet-sematary_726/index.html
406,Doctor Sleep (The Shining ...,40.12,http://books.toscrape.com/catalogue/doctor-sleep-the-shining-2_686/index.html
407,Psycho: Sanitarium (Psycho #1.5),36.97,http://books.toscrape.com/catalogue/psycho-sanitarium-psycho-15_628/index.html
408,Can You Keep a ...,48.64,http://books.toscrape.com/catalogue/can-you-keep-a-secret-fear-street-relaunch-4_614/index.html
409,Red Dragon (Hannibal Lecter ...,23.37,http://books.toscrape.com/catalogue/red-dragon-hannibal-lecter-1_390/index.html
410,Dracula the Un-Dead,35.63,http://books.toscrape.com/catalogue/dracula-the-un-dead_370/index.html
411,Night Shift (Night Shift ...,12.75,http://books.toscrape.com/catalogue/night-shift-night-shift-1-20_335/index.html
412,Needful Things,47.51,http://books.toscrape.com/catalogue/needful-things_334/index.html
413,Misery,34.79,http://books.toscrape.com/catalogue/misery_332/index.html
414,It,25.01,http://books.toscrape.com/catalogue/it_330/index.html
415,'Salem's Lot,49.56,http://books.toscrape.com/catalogue/salems-lot_309/index.html
416,The Stand,57.86,http://books.toscrape.com/catalogue/the-stand_282/index.html
417,The Girl with All ...,49.47,http://books.toscrape.com/catalogue/the-girl-with-all-the-gifts_250/index.html
418,House of Leaves,54.89,http://books.toscrape.com/catalogue/house-of-leaves_169/index.html
419,Foolproof Preserving: A Guide ...,30.52,http://books.toscrape.com/catalogue/foolproof-preserving-a-guide-to-small-batch-jams-jellies-pickles-condiments-and-more-a-foolproof-guide-to-making-small-batch-jams-jellies-pickles-condiments-and-more_978/index.html
420,The Pioneer Woman Cooks: ...,56.41,http://books.toscrape.com/catalogue/the-pioneer-woman-cooks-dinnertime-comfort-classics-freezer-food-16-minute-meals-and-other-delicious-ways-to-solve-supper_943/index.html
421,My Paris Kitchen: Recipes ...,33.37,http://books.toscrape.com/catalogue/my-paris-kitchen-recipes-and-stories_910/index.html
422,Mama Tried: Traditional Italian ...,14.02,http://books.toscrape.com/catalogue/mama-tried-traditional-italian-cooking-for-the-screwed-crude-vegan-and-tattooed_908/index.html
423,"Layered: Baking, Building, and ...",40.11,http://books.toscrape.com/catalogue/layered-baking-building-and-styling-spectacular-cakes_904/index.html
424,The Nerdy Nummies Cookbook: ...,37.34,http://books.toscrape.com/catalogue/the-nerdy-nummies-cookbook-sweet-treats-for-the-geek-in-all-of-us_853/index.html
425,The Love and Lemons ...,37.6,http://books.toscrape.com/catalogue/the-love-and-lemons-cookbook-an-apple-to-zucchini-celebration-of-impromptu-cooking_849/index.html
426,The Cookies & Cups ...,41.25,http://books.toscrape.com/catalogue/the-cookies-cups-cookbook-125-sweet-savory-recipes-reminding-you-to-always-eat-dessert-first_841/index.html
427,Deliciously Ella Every Day: ...,42.16,http://books.toscrape.com/catalogue/deliciously-ella-every-day-quick-and-easy-recipes-for-gluten-free-snacks-packed-lunches-and-simple-meals_801/index.html
428,The Help Yourself Cookbook ...,28.77,http://books.toscrape.com/catalogue/the-help-yourself-cookbook-for-kids-60-easy-plant-based-recipes-kids-can-make-to-stay-healthy-and-save-the-earth_751/index.html
429,"It's All Easy: Healthy, ...",19.55,http://books.toscrape.com/catalogue/its-all-easy-healthy-delicious-weeknight-meals-in-under-30-minutes_706/index.html
430,Barefoot Contessa Back to ...,28.01,http://books.toscrape.com/catalogue/barefoot-contessa-back-to-basics_667/index.html
431,Barefoot Contessa at Home: ...,50.62,http://books.toscrape.com/catalogue/barefoot-contessa-at-home-everyday-recipes-youll-make-over-and-over-again_666/index.html
432,My Kitchen Year: 136 ...,11.53,http://books.toscrape.com/catalogue/my-kitchen-year-136-recipes-that-saved-my-life_646/index.html
433,Everyday Italian: 125 Simple ...,20.1,http://books.toscrape.com/catalogue/everyday-italian-125-simple-and-delicious-recipes_618/index.html
434,A la Mode: 120 ...,38.77,http://books.toscrape.com/catalogue/a-la-mode-120-recipes-in-60-pairings-pies-tarts-cakes-crisps-and-more-topped-with-ice-cream-gelato-frozen-custard-and-more_611/index.html
435,Cravings: Recipes for What ...,20.5,http://books.toscrape.com/catalogue/cravings-recipes-for-what-you-want-to-eat_589/index.html
436,The Moosewood Cookbook: Recipes ...,12.34,http://books.toscrape.com/catalogue/the-moosewood-cookbook-recipes-from-moosewood-restaurant-ithaca-new-york_574/index.html
437,32 Yolks,53.63,http://books.toscrape.com/catalogue/32-yolks_510/index.html
438,Naturally Lean: 125 Nourishing ...,11.38,http://books.toscrape.com/catalogue/naturally-lean-125-nourishing-gluten-free-plant-based-recipes-all-under-300-calories_479/index.html
439,Redeeming Love,20.47,http://books.toscrape.com/catalogue/redeeming-love_826/index.html
440,Close to You,49.46,http://books.toscrape.com/catalogue/close-to-you_798/index.html
441,Shadows of the Past ...,39.67,http://books.toscrape.com/catalogue/shadows-of-the-past-logan-point-1_541/index.html
442,Like Never Before (Walker ...,28.77,http://books.toscrape.com/catalogue/like-never-before-walker-family-2_476/index.html
443,Counted With the Stars ...,17.97,http://books.toscrape.com/catalogue/counted-with-the-stars-out-from-egypt-1_463/index.html
444,If I Run (If ...,49.97,http://books.toscrape.com/catalogue/if-i-run-if-i-run-1_174/index.html
445,Fifty Shades Freed (Fifty ...,15.36,http://books.toscrape.com/catalogue/fifty-shades-freed-fifty-shades-3_156/index.html
446,The Long Haul (Diary ...,44.07,http://books.toscrape.com/catalogue/the-long-haul-diary-of-a-wimpy-kid-9_757/index.html
447,Old School (Diary of ...,11.83,http://books.toscrape.com/catalogue/old-school-diary-of-a-wimpy-kid-10_723/index.html
448,I Know What I'm ...,25.98,http://books.toscrape.com/catalogue/i-know-what-im-doing-and-other-lies-i-tell-myself-dispatches-from-a-life-under-construction_704/index.html
449,Hyperbole and a Half: ...,14.75,http://books.toscrape.com/catalogue/hyperbole-and-a-half-unfortunate-situations-flawed-coping-mechanisms-mayhem-and-other-things-that-happened_702/index.html
450,Dress Your Family in ...,43.68,http://books.toscrape.com/catalogue/dress-your-family-in-corduroy-and-denim_562/index.html
451,Toddlers Are A**holes: It's ...,25.55,http://books.toscrape.com/catalogue/toddlers-are-aholes-its-not-your-fault_503/index.html
452,When You Are Engulfed ...,30.89,http://books.toscrape.com/catalogue/when-you-are-engulfed-in-flames_303/index.html
453,Naked,31.69,http://books.toscrape.com/catalogue/naked_197/index.html
454,Lamb: The Gospel According ...,55.5,http://books.toscrape.com/catalogue/lamb-the-gospel-according-to-biff-christs-childhood-pal_182/index.html
455,Holidays on Ice,51.07,http://books.toscrape.com/catalogue/holidays-on-ice_167/index.html
456,The Dirty Little Secrets ...,33.34,http://books.toscrape.com/catalogue/the-dirty-little-secrets-of-getting-your-dream-job_994/index.html
457,The Third Wave: An ...,12.61,http://books.toscrape.com/catalogue/the-third-wave-an-entrepreneurs-vision-of-the-future_862/index.html
458,The 10% Entrepreneur: Live ...,27.55,http://books.toscrape.com/catalogue/the-10-entrepreneur-live-your-startup-dream-without-quitting-your-day-job_836/index.html
459,Shoe Dog: A Memoir ...,23.99,http://books.toscrape.com/catalogue/shoe-dog-a-memoir-by-the-creator-of-nike_831/index.html
460,Made to Stick: Why ...,38.85,http://books.toscrape.com/catalogue/made-to-stick-why-some-ideas-survive-and-others-die_715/index.html
461,Quench Your Own Thirst: ...,43.14,http://books.toscrape.com/catalogue/quench-your-own-thirst-business-lessons-learned-over-a-beer-or-two_629/index.html
462,The Art of Startup ...,21.0,http://books.toscrape.com/catalogue/the-art-of-startup-fundraising_606/index.html
463,Born for This: How ...,21.59,http://books.toscrape.com/catalogue/born-for-this-how-to-find-the-work-you-were-meant-to-do_588/index.html
464,The E-Myth Revisited: Why ...,36.91,http://books.toscrape.com/catalogue/the-e-myth-revisited-why-most-small-businesses-dont-work-and-what-to-do-about-it_545/index.html
465,"Rich Dad, Poor Dad",51.74,http://books.toscrape.com/catalogue/rich-dad-poor-dad_483/index.html
466,The Lean Startup: How ...,33.92,http://books.toscrape.com/catalogue/the-lean-startup-how-todays-entrepreneurs-use-continuous-innovation-to-create-radically-successful-businesses_260/index.html
467,Rework,44.88,http://books.toscrape.com/catalogue/rework_212/index.html
468,Louisa: The Extraordinary Life ...,16.85,http://books.toscrape.com/catalogue/louisa-the-extraordinary-life-of-mrs-adams_818/index.html
469,Setting the World on ...,21.15,http://books.toscrape.com/catalogue/setting-the-world-on-fire-the-brief-astonishing-life-of-st-catherine-of-siena_603/index.html
470,The Faith of Christopher ...,39.55,http://books.toscrape.com/catalogue/the-faith-of-christopher-hitchens-the-restless-soul-of-the-worlds-most-notorious-atheist_495/index.html
471,Benjamin Franklin: An American ...,48.19,http://books.toscrape.com/catalogue/benjamin-franklin-an-american-life_460/index.html
472,The Rise of Theodore ...,42.57,http://books.toscrape.com/catalogue/the-rise-of-theodore-roosevelt-theodore-roosevelt-1_276/index.html
473,(Un)Qualified: How God Uses ...,54.0,http://books.toscrape.com/catalogue/unqualified-how-god-uses-broken-people-to-do-big-things_873/index.html
474,Crazy Love: Overwhelmed by ...,47.72,http://books.toscrape.com/catalogue/crazy-love-overwhelmed-by-a-relentless-god_682/index.html
475,Blue Like Jazz: Nonreligious ...,25.77,http://books.toscrape.com/catalogue/blue-like-jazz-nonreligious-thoughts-on-christian-spirituality_461/index.html
476,In Her Wake,12.84,http://books.toscrape.com/catalogue/in-her-wake_980/index.html
477,The Elephant Tree,23.82,http://books.toscrape.com/catalogue/the-elephant-tree_968/index.html
478,Behind Closed Doors,52.22,http://books.toscrape.com/catalogue/behind-closed-doors_962/index.html
479,You (You #1),43.61,http://books.toscrape.com/catalogue/you-you-1_784/index.html
480,The Guilty (Will Robie ...,13.82,http://books.toscrape.com/catalogue/the-guilty-will-robie-4_750/index.html
481,The 14th Colony (Cotton ...,39.24,http://books.toscrape.com/catalogue/the-14th-colony-cotton-malone-11_744/index.html
482,Give It Back,18.32,http://books.toscrape.com/catalogue/give-it-back_430/index.html
483,Killing Floor (Jack Reacher ...,31.49,http://books.toscrape.com/catalogue/killing-floor-jack-reacher-1_382/index.html
484,The Bone Hunters (Lexy ...,59.71,http://books.toscrape.com/catalogue/the-bone-hunters-lexy-vaughan-steven-macaulay-2_343/index.html
485,Far From True (Promise ...,34.93,http://books.toscrape.com/catalogue/far-from-true-promise-falls-trilogy-2_320/index.html
486,The Travelers,15.77,http://books.toscrape.com/catalogue/the-travelers_285/index.html
487,When We Collided,31.77,http://books.toscrape.com/catalogue/when-we-collided_955/index.html
488,Someone Like You (The ...,52.79,http://books.toscrape.com/catalogue/someone-like-you-the-harrisons-2_735/index.html
489,We Are All Completely ...,24.04,http://books.toscrape.com/catalogue/we-are-all-completely-beside-ourselves_301/index.html
490,The Four Agreements: A ...,17.66,http://books.toscrape.com/catalogue/the-four-agreements-a-practical-guide-to-personal-freedom_970/index.html
491,The Activist's Tao Te ...,32.24,http://books.toscrape.com/catalogue/the-activists-tao-te-ching-ancient-advice-for-a-modern-revolution_928/index.html
492,Chasing Heaven: What Dying ...,37.8,http://books.toscrape.com/catalogue/chasing-heaven-what-dying-taught-me-about-living_797/index.html
493,If I Gave You ...,20.91,http://books.toscrape.com/catalogue/if-i-gave-you-gods-phone-number-searching-for-spirituality-in-america_564/index.html
494,Unreasonable Hope: Finding Faith ...,46.33,http://books.toscrape.com/catalogue/unreasonable-hope-finding-faith-in-the-god-who-brings-purpose-to-your-pain_505/index.html
495,A New Earth: Awakening ...,55.65,http://books.toscrape.com/catalogue/a-new-earth-awakening-to-your-lifes-purpose_311/index.html
496,Logan Kade (Fallen Crest ...,13.12,http://books.toscrape.com/catalogue/logan-kade-fallen-crest-high-55_384/index.html
497,Online Marketing for Busy ...,46.35,http://books.toscrape.com/catalogue/online-marketing-for-busy-authors-a-step-by-step-guide_913/index.html
498,How to Be Miserable: ...,46.03,http://books.toscrape.com/catalogue/how-to-be-miserable-40-strategies-you-already-use_897/index.html
499,"Overload: How to Unplug, ...",52.15,http://books.toscrape.com/catalogue/overload-how-to-unplug-unwind-and-unleash-yourself-from-the-pressure-of-stress_725/index.html
500,You Are a Badass: ...,12.08,http://books.toscrape.com/catalogue/you-are-a-badass-how-to-stop-doubting-your-greatness-and-start-living-an-awesome-life_508/index.html
501,How to Stop Worrying ...,46.49,http://books.toscrape.com/catalogue/how-to-stop-worrying-and-start-living_431/index.html
502,All the Light We ...,29.87,http://books.toscrape.com/catalogue/all-the-light-we-cannot-see_660/index.html
503,The Girl You Left ...,15.79,http://books.toscrape.com/catalogue/the-girl-you-left-behind-the-girl-you-left-behind-1_443/index.html
504,The Grownup,35.88,http://books.toscrape.com/catalogue/the-grownup_546/index.html
505,Suzie Snowflake: One beautiful ...,54.81,http://books.toscrape.com/catalogue/suzie-snowflake-one-beautiful-flake-a-self-esteem-story_568/index.html
506,Silence in the Dark ...,58.33,http://books.toscrape.com/catalogue/silence-in-the-dark-logan-point-4_542/index.html
507,The Bulletproof Diet: Lose ...,49.05,http://books.toscrape.com/catalogue/the-bulletproof-diet-lose-up-to-a-pound-a-day-reclaim-energy-and-focus-upgrade-your-life_931/index.html
508,"Eat Fat, Get Thin",54.07,http://books.toscrape.com/catalogue/eat-fat-get-thin_688/index.html
509,10-Day Green Smoothie Cleanse: ...,49.71,http://books.toscrape.com/catalogue/10-day-green-smoothie-cleanse-lose-up-to-15-pounds-in-10-days_581/index.html
510,The Art and Science ...,52.98,http://books.toscrape.com/catalogue/the-art-and-science-of-low-carbohydrate-living_570/index.html
511,Libertarianism for Beginners,51.33,http://books.toscrape.com/catalogue/libertarianism-for-beginners_982/index.html
512,Why the Right Went ...,52.65,http://books.toscrape.com/catalogue/why-the-right-went-wrong-conservatism-from-goldwater-to-the-tea-party-and-beyond_781/index.html
513,Equal Is Unfair: America's ...,56.86,http://books.toscrape.com/catalogue/equal-is-unfair-americas-misguided-fight-against-income-inequality_617/index.html
514,Amid the Chaos,36.58,http://books.toscrape.com/catalogue/amid-the-chaos_788/index.html
515,Dark Notes,19.19,http://books.toscrape.com/catalogue/dark-notes_800/index.html
516,The Long Shadow of ...,10.97,http://books.toscrape.com/catalogue/the-long-shadow-of-small-ghosts-murder-and-memory-in-an-american-city_848/index.html
